11426977,,
9/6/2016 Tu,7:00:00 AM,4:02:00 PM
9/7/2016 We,7:16:00 AM,4:01:00 PM
9/8/2016 Th,7:26:00 AM,3:59:00 PM
9/9/2016 Fr,6:56:00 AM,4:10:00 PM
9/10/2016 Sa,,
9/11/2016 Su,,
9/12/2016 Mo,6:47:00 AM,4:00:00 PM
9/13/2016 Tu,7:21:00 AM,4:05:00 PM
9/14/2016 We,7:13:00 AM,4:03:00 PM
9/15/2016 Th,7:01:00 AM,4:01:00 PM
9/16/2016 Fr,6:57:00 AM,4:01:00 PM
9/17/2016 Sa,,
9/18/2016 Su,,
9/19/2016 Mo,7:01:00 AM,4:01:00 PM
9/20/2016 Tu,6:50:00 AM,4:02:00 PM
,,
11426978,,
9/6/2016 Tu,8:03:00 AM,4:02:00 PM
9/7/2016 We,7:41:00 AM,4:02:00 PM
9/8/2016 Th,6:53:00 AM,4:00:00 PM
9/9/2016 Fr,8:11:00 AM,4:01:00 PM
9/10/2016 Sa,7:06:00 AM,2:01:00 PM
9/11/2016 Su,,
9/12/2016 Mo,7:23:00 AM,4:01:00 PM
9/13/2016 Tu,7:13:00 AM,4:01:00 PM
9/14/2016 We,8:03:00 AM,4:07:00 PM
9/15/2016 Th,,
9/16/2016 Fr,7:52:00 AM,4:06:00 PM
9/17/2016 Sa,7:07:00 AM,2:47:00 PM
9/18/2016 Su,,
9/19/2016 Mo,8:20:00 AM,4:01:00 PM
9/20/2016 Tu,8:04:00 AM,5:04:00 PM
,,
11426981,,
9/6/2016 Tu,6:57:00 AM,4:00:00 PM
9/7/2016 We,,
9/8/2016 Th,6:14:00 AM,4:00:00 PM
9/9/2016 Fr,6:25:00 AM,4:01:00 PM
9/10/2016 Sa,,
9/11/2016 Su,,
9/12/2016 Mo,,
9/13/2016 Tu,7:39:00 AM,4:01:00 PM
9/14/2016 We,7:20:00 AM,4:06:00 PM
9/15/2016 Th,6:23:00 AM,4:01:00 PM
9/16/2016 Fr,6:50:00 AM,4:03:00 PM
9/17/2016 Sa,,
9/18/2016 Su,,
9/19/2016 Mo,7:32:00 AM,4:03:00 PM
9/20/2016 Tu,7:14:00 AM,4:03:00 PM
,,
11426982,,
9/6/2016 Tu,,
9/7/2016 We,7:12:00 AM,4:13:00 PM
9/8/2016 Th,7:00:00 AM,4:01:00 PM
9/9/2016 Fr,,
9/10/2016 Sa,,
9/11/2016 Su,,
9/12/2016 Mo,,
9/13/2016 Tu,7:14:00 AM,4:01:00 PM
9/14/2016 We,7:02:00 AM,4:01:00 PM
9/15/2016 Th,6:43:00 AM,5:05:00 PM
9/16/2016 Fr,6:58:00 AM,3:56:00 PM
9/17/2016 Sa,7:01:00 AM,2:36:00 PM
9/18/2016 Su,,
9/19/2016 Mo,7:21:00 AM,4:04:00 PM
9/20/2016 Tu,7:06:00 AM,4:04:00 PM
,,
11426983,,
9/6/2016 Tu,6:52:00 AM,4:01:00 PM
9/7/2016 We,4:05:00 AM,4:00:00 PM
9/8/2016 Th,6:59:00 AM,5:10:00 PM
9/9/2016 Fr,6:45:00 AM,4:01:00 PM
9/10/2016 Sa,7:27:00 AM,3:19:00 PM
9/11/2016 Su,,
9/12/2016 Mo,6:43:00 AM,4:05:00 PM
9/13/2016 Tu,5:40:00 AM,4:06:00 PM
9/14/2016 We,7:04:00 AM,4:03:00 PM
9/15/2016 Th,7:07:00 AM,3:01:00 PM
9/16/2016 Fr,6:57:00 AM,5:03:00 PM
9/17/2016 Sa,7:14:00 AM,3:06:00 PM
9/18/2016 Su,,
9/19/2016 Mo,6:28:00 AM,4:22:00 PM
9/20/2016 Tu,7:13:00 AM,4:02:00 PM
,,
11426984,,
9/6/2016 Tu,7:43:00 AM,5:01:00 PM
9/7/2016 We,7:31:00 AM,4:01:00 PM
9/8/2016 Th,6:45:00 AM,4:05:00 PM
9/9/2016 Fr,6:54:00 AM,3:51:00 PM
9/10/2016 Sa,6:49:00 AM,2:00:00 PM
9/11/2016 Su,,
9/12/2016 Mo,,
9/13/2016 Tu,,
9/14/2016 We,,
9/15/2016 Th,,
9/16/2016 Fr,6:55:00 AM,5:02:00 PM
9/17/2016 Sa,6:54:00 AM,3:30:00 PM
9/18/2016 Su,,
9/19/2016 Mo,7:30:00 AM,4:01:00 PM
9/20/2016 Tu,7:34:00 AM,4:01:00 PM
